City,Cloudiness,Date,Humidity,Lat,Lng,Max Temp,Windspeed,Country
kruisfontein,0,1610981378,56,-34.0033,24.7314,78.01,8.99,ZA
bilma,99,1610981374,17,18.6853,12.9164,77.9,4.94,NE
airai,100,1610981374,100,-8.9266,125.4092,61.81,1.28,TL
ajdabiya,80,1610981597,61,30.7554,20.2263,60.39,20.76,LY
bredasdorp,0,1610981419,57,-34.5322,20.0403,75.2,19.57,ZA
avarua,20,1610981303,94,-21.2078,-159.775,75.2,4.61,CK
tiruchchendur,0,1610981597,76,8.4833,78.1167,78.12,17.98,IN
coquimbo,75,1610981468,82,-29.9533,-71.3436,60.8,9.22,CL
mataura,61,1610981344,73,-46.1927,168.8643,52.0,8.99,NZ
tarauaca,100,1610981383,78,-8.1614,-70.7656,83.55,3.33,BR
pemberton,24,1610981598,93,50.3164,-122.8027,30.99,1.1,CA
rikitea,100,1610981371,73,-23.1203,-134.9692,78.28,11.21,PF
dikson,2,1610981344,83,73.5069,80.5464,-19.16,20.42,RU
ternate,100,1610981598,77,0.8,127.4,81.37,3.87,ID
hilo,1,1610981400,88,19.7297,-155.09,66.99,3.44,US
lagoa,100,1610981449,83,39.05,-27.9833,61.56,28.34,PT
bluff,70,1610981401,73,-46.6,168.3333,52.0,8.99,NZ
yellowknife,90,1610981366,85,62.456,-114.3525,5.0,5.61,CA
manjacaze,100,1610981599,66,-24.7117,33.8828,79.56,13.65,MZ
sao filipe,100,1610981446,62,14.8961,-24.4956,76.06,9.62,CV
klaksvik,75,1610981353,100,62.2266,-6.589,35.6,4.21,FO
puerto ayora,40,1610981377,83,-0.7393,-90.3518,78.01,9.22,EC
los llanos de aridane,75,1610981382,60,28.6585,-17.9182,68.0,3.44,ES
praia,100,1610981599,57,14.9215,-23.5087,77.0,18.41,CV
sawakin,1,1610981599,61,19.1059,37.3321,74.59,17.6,SD
peniche,0,1610981600,70,39.3558,-9.3811,60.01,1.99,PT
san pedro,75,1610981600,78,14.35,121.0167,78.8,1.14,PH
mutoko,100,1610981600,90,-17.397,32.2268,71.06,4.85,ZW
krosno,72,1610981600,85,49.6887,21.7706,5.0,1.83,PL
maceio,40,1610981600,58,-9.6658,-35.7353,86.0,13.8,BR
punta arenas,0,1610981381,62,-53.15,-70.9167,53.6,13.8,CL
saint george,1,1610981309,35,37.1041,-113.5841,35.6,5.82,US
dalen,100,1610981600,97,52.6992,6.7556,42.01,1.99,NL
carnarvon,33,1610981346,83,-24.8667,113.6333,82.4,8.05,AU
hobart,75,1610981345,50,-42.8794,147.3294,50.0,14.97,AU
cape town,0,1610981326,44,-33.9258,18.4232,82.4,16.11,ZA
muli,7,1610981601,70,2.9167,73.5667,82.27,9.66,MV
ushuaia,75,1610981157,71,-54.8,-68.3,48.2,18.41,AR
azare,58,1610981601,12,11.6765,10.1948,89.94,12.62,NG
hobyo,25,1610981570,69,5.3505,48.5268,77.9,18.52,SO
taltal,3,1610981407,62,-25.4,-70.4833,70.39,5.14,CL
ponta do sol,66,1610981376,58,32.6667,-17.1,61.0,5.01,PT
boa vista,75,1610981602,61,2.8197,-60.6733,82.4,14.97,BR
khatanga,0,1610981407,81,71.9667,102.5,-29.24,15.14,RU
jamestown,90,1610981371,100,42.097,-79.2353,30.99,6.91,US
new norfolk,73,1610981374,50,-42.7826,147.0587,50.0,3,AU
bilibino,0,1610981602,78,68.0546,166.4372,-30.57,1.63,RU
geraldton,40,1610981120,57,-28.7667,114.6,80.6,13.8,AU
saint-joseph,0,1610981384,70,-21.3667,55.6167,84.2,6.91,RE
port lincoln,5,1610981509,86,-34.7333,135.8667,59.4,14.41,AU
vaini,20,1610981341,100,-21.2,-175.2,75.2,9.71,TO
albany,100,1610981107,68,42.6001,-73.9662,37.99,6.46,US
seminole,1,1610981603,76,28.7086,-81.2081,59.0,4.61,US
bethel,26,1610981373,73,41.3712,-73.414,37.99,8.86,US
busselton,9,1610981374,56,-33.65,115.3333,71.01,8.95,AU
chokurdakh,19,1610981449,85,70.6333,147.9167,-32.3,2.1,RU
castro,100,1610981143,95,-24.7911,-50.0119,67.42,5.35,BR
pevek,11,1610981440,85,69.7008,170.3133,-31.22,5.23,RU
singaraja,100,1610981604,80,-8.112,115.0882,76.64,2.26,ID
tokur,100,1610981604,86,53.1333,132.9,-32.46,2.57,RU
qaanaaq,96,1610981360,76,77.484,-69.3632,1.18,6.17,GL
skibbereen,90,1610981604,100,51.55,-9.2667,48.2,9.22,IE
kosh-agach,0,1610981605,69,50,88.6667,-2.27,2.28,RU
ilulissat,75,1610981448,49,69.2167,-51.1,17.6,11.5,GL
tasiilaq,82,1610981372,54,65.6145,-37.6368,24.8,6.91,GL
tiksi,100,1610981353,87,71.6872,128.8694,-24.02,7.29,RU
along,54,1610981605,66,28.1667,94.7667,57.76,1.48,IN
yanam,20,1610981605,65,16.7333,82.2167,78.8,3.78,IN
neuquen,0,1610981605,32,-38.9516,-68.0591,82.4,9.22,AR
fortuna,1,1610981442,100,40.5982,-124.1573,43.0,8.05,US
alofi,40,1610981440,94,-19.0595,-169.9187,75.2,1.14,NU
iqaluit,90,1610981415,78,63.7506,-68.5145,-0.4,6.91,CA
kapaa,75,1610981382,88,22.0752,-159.319,66.99,12.66,US
deputatskiy,98,1610981504,84,69.3,139.9,-39.51,2.71,RU
touros,75,1610981372,58,-5.1989,-35.4608,84.2,16.11,BR
ribeira brava,64,1610981606,76,32.65,-17.0667,61.0,1.99,PT
bengkulu,99,1610981244,87,-3.8004,102.2655,76.55,6.22,ID
wegorzewo,100,1610981606,93,54.2157,21.7372,7.56,4.99,PL
longyearbyen,20,1610981358,67,78.2186,15.6401,17.6,25.32,SJ
lompoc,0,1610981370,70,34.6391,-120.4579,55.99,3.65,US
barrow,90,1610981348,71,71.2906,-156.7887,-0.4,17.27,US
smithers,75,1610981404,93,54.7804,-127.1743,26.6,3.44,CA
baryshivka,75,1610981607,78,50.361,31.3217,10.0,8.95,UA
taoudenni,98,1610981383,18,22.6783,-3.9836,74.1,16.28,ML
arroyo,0,1610981607,75,41.6096,-4.7969,42.8,3.44,ES
stolin,58,1610981607,92,51.8912,26.846,-2.09,3.8,BY
faanui,1,1610981409,76,-16.4833,-151.75,80.58,15.59,PF
salair,99,1610981608,95,54.2312,85.7972,11.14,11.18,RU
andenes,75,1610981608,100,69.3143,16.1194,32.0,1.7,NO
sitka,90,1610981369,71,57.0531,-135.33,46.4,12.66,US
eyl,72,1610981479,56,7.9803,49.8164,77.97,23.91,SO
port macquarie,54,1610981515,100,-31.4333,152.9167,69.8,2.3,AU
krasnoarmeysk,100,1610981608,56,51.0239,45.6969,3.99,4,RU
mbengwi,30,1610981608,18,6.0167,10,88.68,3.94,CM
port alfred,12,1610981347,77,-33.5906,26.891,73.99,5.99,ZA
miramar,100,1610981609,88,25.9873,-80.2323,66.99,7.56,US
hofn,75,1610981475,65,64.2539,-15.2082,39.2,18.41,IS
fairbanks,1,1610981349,85,64.8378,-147.7164,6.8,3.58,US
tual,100,1610981609,80,-5.6667,132.75,83.62,17.65,ID
santa maria,40,1610981504,50,-29.6842,-53.8069,75.2,5.75,BR
hermanus,0,1610981372,55,-34.4187,19.2345,82.0,8.01,ZA
seoul,0,1610981462,41,37.5683,126.9778,19.4,12.66,KR
killybegs,90,1610981476,100,54.6333,-8.45,45.0,3.44,IE
jaguey grande,75,1610981625,94,22.5269,-81.1286,68.0,4.61,CU
kavieng,97,1610981406,78,-2.5744,150.7967,82.58,16.42,PG
nuevo ideal,0,1610981625,43,24.8875,-105.0728,50.88,4.38,MX
cordoba,0,1610981401,44,-31.4135,-64.1811,84.99,11.5,AR
saskylakh,82,1610981417,83,71.9167,114.0833,-32.91,5.66,RU
ati,2,1610981626,10,13.2154,18.3353,92.23,9.46,TD
puerto del rosario,20,1610981626,63,28.5004,-13.8627,66.2,6.91,ES
mar del plata,0,1610981403,38,-38.0023,-57.5575,75.2,12.66,AR
progreso,75,1610981626,88,21.2833,-89.6667,70.0,11.9,MX
ostrovnoy,100,1610981377,97,68.0531,39.5131,26.83,15.14,RU
verkhniy rohachyk,93,1610981626,92,47.2505,34.338,10.2,4.97,UA
nhulunbuy,100,1610981626,94,-12.2333,136.7667,78.8,2.71,AU
laurel,90,1610981626,81,39.0993,-76.8483,41.0,11.5,US
key west,1,1610981627,88,24.5557,-81.7826,66.99,12.33,US
port hedland,14,1610981411,40,-20.3167,118.5667,91.4,10.36,AU
souillac,75,1610981381,83,-20.5167,57.5167,80.6,13.8,MU
simnas,85,1610981627,67,54.4,23.65,10.4,4.61,LT
cruzilia,96,1610981627,79,-21.8386,-44.8083,72.86,3.78,BR
tuktoyaktuk,75,1610981383,84,69.4541,-133.0374,-2.2,14.97,CA
provideniya,97,1610981418,86,64.3833,-173.3,-10.23,6.98,RU
samfya,100,1610981627,78,-11.3649,29.5565,75.43,4.7,ZM
nanortalik,100,1610981452,84,60.1432,-45.2371,28.47,3.49,GL
kaitangata,77,1610981441,87,-46.2817,169.8464,50.0,1.99,NZ
leningradskiy,100,1610981379,85,69.3833,178.4167,-23.13,7.9,RU
hurricane,1,1610981628,50,37.1753,-113.2899,35.6,3.44,US
tam ky,75,1610981628,82,15.5667,108.4833,62.6,3.44,VN
mareeba,75,1610981628,88,-17,145.4333,77.0,2.3,AU
clyde river,90,1610981362,85,70.4692,-68.5914,5.0,12.66,CA
sinnamary,4,1610981481,72,5.3833,-52.95,82.2,14.03,GF
north bend,1,1610981629,100,43.4065,-124.2243,41.0,6.91,US
butaritari,29,1610981407,79,3.0707,172.7902,80.22,18.9,KI
esperance,0,1610981451,68,-33.8667,121.9,64.4,14.97,AU
bystryy istok,100,1610981629,95,52.371,84.3873,19.17,9.48,RU
kovdor,100,1610981629,93,67.5662,30.4758,11.1,5.32,RU
port hardy,90,1610981629,100,50.6996,-127.4199,42.8,6.91,CA
ituacu,61,1610981629,52,-13.8133,-41.2967,81.95,6.38,BR
richards bay,36,1610981630,66,-28.783,32.0377,78.28,9.51,ZA
vanimo,100,1610981630,83,-2.6741,141.3028,78.42,3.42,PG
rio grande,40,1610981630,57,-32.035,-52.0986,77.0,16.11,BR
russell,1,1610981531,86,32.3502,-85.1999,42.01,5.12,US
port elizabeth,0,1610981119,64,-33.918,25.5701,73.4,17.27,ZA
flagstaff,1,1610981630,35,35.1981,-111.6513,21.2,3.4,US
pisco,60,1610981356,78,-13.7,-76.2167,73.0,5.75,PE
zhigansk,43,1610981631,76,66.7697,123.3711,-51.21,2.98,RU
celestun,65,1610981631,63,20.8667,-90.4,70.02,11.32,MX
san juan,0,1610981400,17,-31.5375,-68.5364,86.0,6.46,AR
lebu,0,1610981380,62,-37.6167,-73.65,62.94,21.05,CL
cidreira,66,1610981352,59,-30.1811,-50.2056,76.1,10.96,BR
pringsewu,100,1610981631,93,-5.3582,104.9744,73.02,6.89,ID
amapa,76,1610981499,71,1,-52,83.98,1.81,BR
auki,63,1610981478,86,-8.7676,160.7034,78.89,3.29,SB
salalah,0,1610981383,47,17.0151,54.0924,77.0,3.44,OM
chanika,94,1610981632,86,-5.4167,38.0167,75.29,6.78,TZ
upington,20,1610981353,16,-28.4478,21.2561,96.8,3.44,ZA
hidalgo,15,1610981583,79,20.5,-99,53.71,2.39,MX
theodoriana,36,1610981632,70,39.4356,21.21,24.01,3.94,GR
buraydah,0,1610981460,39,26.326,43.975,66.2,5.75,SA
conde,40,1610981632,62,-7.2597,-34.9075,86.0,13.8,BR
sola,98,1610981632,78,-13.8833,167.55,82.99,11.5,VU
aksu,99,1610981372,85,41.1231,80.2644,19.17,3.58,CN
chuy,6,1610981370,50,-33.6971,-53.4616,74.61,8.5,UY
asau,90,1610981441,73,46.4333,26.4,18.0,6.91,RO
arraial do cabo,0,1610981408,43,-22.9661,-42.0278,89.6,16.11,BR
ust-ishim,69,1610981633,90,57.6935,71.1665,-7.62,7.56,RU
makhachkala,75,1610981634,75,42.9764,47.5024,37.4,11.18,RU
camopi,94,1610981634,93,3.1655,-52.3158,79.02,4.85,GF
katangli,0,1610981634,86,51.7102,143.2326,-19.57,5.26,RU
georgetown,20,1610981311,73,5.4112,100.3354,82.0,4.61,MY
mount gambier,90,1610981469,94,-37.8333,140.7667,55.4,8.05,AU
tecpan,75,1610981634,82,14.7623,-90.9947,62.6,16.11,GT
tuchola,100,1610981635,85,53.5879,17.8591,17.01,3,PL
yining,0,1610981635,65,29.0361,114.5636,41.18,2.21,CN
nicoya,0,1610981635,78,10.1483,-85.452,75.2,2.3,CR
batagay,90,1610981635,75,67.6333,134.6333,-48.93,0.74,RU
orissaare,20,1610981635,100,58.5592,23.0826,30.99,9.22,EE
palmer,20,1610981380,65,42.1584,-72.3287,39.99,5.75,US
junin,0,1610981636,13,-34.5838,-60.9433,87.01,7.02,AR
yinchuan,0,1610981636,64,38.4681,106.2731,27.7,6.62,CN
lasa,40,1610981636,59,46.6166,10.7002,37.0,4.61,IT
giresun,75,1610981637,93,40.5,38.5,37.4,13.8,TR
lamar,1,1610981351,80,33.6668,-95.5836,46.99,6.91,US
moranbah,100,1610981637,76,-22.0016,148.0466,74.41,10.65,AU
dungarvan,100,1610981637,98,52.0881,-7.6253,48.99,3,IE
uray,32,1610981637,89,60.1247,64.7758,-8.55,7.76,RU
kampong chhnang,100,1610981474,58,12.1667,104.55,72.0,4.54,KH
kutum,96,1610981618,15,14.2,24.6667,78.87,15.19,SD
tambovka,0,1610981638,69,50.0969,128.0489,-18.4,4.47,RU
guerrero negro,0,1610981638,62,27.9769,-114.0611,56.25,2.59,MX
faya,0,1610981384,60,18.3851,42.4509,69.8,9.22,SA
nikolskoye,90,1610981379,93,59.7035,30.7861,24.8,4.47,RU
peoria,90,1610981636,86,40.7667,-89.7668,30.0,3.44,US
sherbakul,0,1610981638,77,54.6316,72.3963,-4.0,6.71,RU
bambous virieux,75,1610981435,83,-20.3428,57.7575,80.6,13.8,MU
nsanje,100,1610981638,84,-16.92,35.262,83.52,4.09,MW
codrington,81,1610981500,74,-38.2667,141.9667,57.94,11.83,AU
manokwari,100,1610981354,78,-0.8667,134.0833,78.89,2.24,ID
rawson,0,1610981403,35,-43.3002,-65.1023,76.82,11.95,AR
thunder bay,90,1610981468,92,48.4001,-89.3168,16.0,4.61,CA
kodinsk,100,1610981507,94,58.6881,99.1844,7.97,6.64,RU
oksfjord,75,1610981655,80,70.2396,22.3479,33.8,18.41,NO
gurlan,0,1610981655,65,41.8447,60.3919,42.8,4.61,UZ
mecca,26,1610981177,33,21.4267,39.8261,74.14,13.53,SA
gat,23,1610981363,9,31.61,34.7642,55.99,8.23,IL
hithadhoo,13,1610981263,65,-0.6,73.0833,81.5,4.38,MV
nahavand,43,1610981655,73,34.1885,48.377,38.88,7.34,IR
simoes,100,1610981655,37,-7.5989,-40.8178,89.04,7.72,BR
chimore,100,1610981656,95,-16.9833,-65.1333,66.43,2.19,BO
san quintin,0,1610981656,56,30.4833,-115.95,58.17,2.06,MX
sao felix do xingu,97,1610981656,86,-6.6447,-51.995,76.39,2.48,BR
lucea,20,1610981656,78,18.451,-78.1736,81.0,4.61,JM
puerto gaitan,10,1610981656,47,4.3133,-72.0816,88.16,16.98,CO
atuona,99,1610981408,77,-9.8,-139.0333,77.95,19.73,PF
tautira,20,1610981437,83,-17.7333,-149.15,75.2,2.3,PF
darhan,0,1610981656,87,49.4867,105.9228,1.62,5.61,MN
amahai,96,1610981377,93,-3.3333,128.9167,81.0,3.76,ID
beringovskiy,42,1610981657,87,63.05,179.3167,-17.82,10.71,RU
krasnaya gorbatka,100,1610981657,91,55.8703,41.7641,-4.61,2.77,RU
san javier,0,1610981657,67,37.8063,-0.8374,59.0,6.91,ES
grand gaube,79,1610981445,90,-20.0064,57.6608,79.0,5.01,MU
praia da vitoria,40,1610981610,82,38.7333,-27.0667,62.6,19.75,PT
sai buri,100,1610981657,83,6.7013,101.6168,75.18,11.45,TH
gizo,100,1610981474,77,-8.103,156.8419,82.9,9.55,SB
iwaki,14,1610981658,58,37.05,140.8833,41.0,5.01,JP
moron,0,1610981404,28,-34.6534,-58.6198,86.0,2.53,AR
takoradi,79,1610981658,71,4.8845,-1.7554,83.21,7.4,GH
eganville,40,1610981658,78,45.5334,-77.0994,10.0,9.22,CA
radcliffe,100,1610981658,78,53.55,-2.3333,46.0,1.99,GB
thompson,90,1610981102,84,55.7435,-97.8558,-9.4,2.3,CA
loandjili,20,1610981659,74,-4.7561,11.8578,86.0,14.97,CG
linares,0,1610981659,22,-35.85,-71.6,82.74,4.03,CL
ahuimanu,90,1610981659,78,21.4447,-157.8378,71.6,14.97,US
vaasa,90,1610981660,86,63.096,21.6158,28.4,6.91,FI
san patricio,75,1610981509,94,28.017,-97.5169,63.0,11.5,US
moose factory,90,1610981533,78,51.2585,-80.6094,3.2,5.75,CA
santa cruz,90,1610981660,68,-17.8,-63.1667,71.6,16.11,BO
lamba,100,1610981660,84,6.3597,124.8122,72.91,2.48,PH
cabedelo,40,1610981418,62,-6.9811,-34.8339,86.0,13.8,BR
kudeyevskiy,40,1610981661,84,54.8758,56.7567,-11.0,6.71,RU
te anau,84,1610981414,82,-45.4167,167.7167,48.38,8.52,NZ
saldanha,36,1610981417,37,-33.0117,17.9442,84.2,8.05,ZA
kudahuvadhoo,23,1610981479,73,2.6708,72.8944,82.11,11.01,MV
nome,100,1610981436,79,64.5011,-165.4064,10.4,8.05,US
khorinsk,78,1610981661,86,52.1657,109.7726,-16.69,0.87,RU
saint-pierre,0,1610981661,70,-21.3393,55.4781,84.2,6.91,RE
felanitx,75,1610981661,67,39.4696,3.1483,55.4,6.91,ES
myitkyina,13,1610981662,62,25.3833,97.4,63.05,2.37,MM
odessa,40,1610981478,78,46.4775,30.7326,8.6,6.71,UA
pathein,17,1610981662,79,16.7833,94.7333,71.58,5.55,MM
upernavik,99,1610981402,96,72.7868,-56.1549,17.19,5.91,GL
east london,75,1610981400,64,-33.0153,27.9116,75.2,16.11,ZA
avigliana,0,1610981662,52,45.0771,7.3986,43.0,5.75,IT
mabamba,96,1610981662,77,-3.5983,30.5019,74.97,2.73,TZ
havelock,59,1610981663,63,34.8791,-76.9013,50.0,10,US
nivala,100,1610981663,92,63.9167,24.9667,24.01,4,FI
guasdualito,13,1610981663,56,7.2424,-70.7324,83.12,7.29,VE
ribeira grande,75,1610981382,88,38.5167,-28.7,60.8,17.27,PT
sur,0,1610981663,66,22.5667,59.5289,69.91,1.79,OM
byron bay,40,1610981663,94,-28.65,153.6167,68.0,13.8,AU
mendi,42,1610981663,97,-6.1761,143.6513,54.1,3.13,PG
namibe,40,1610981377,51,-15.1961,12.1522,82.4,14.97,AO
san carlos de bariloche,0,1610981664,40,-41.1456,-71.3082,68.0,6.91,AR
haines junction,100,1610981357,64,60.7522,-137.5108,32.0,9.22,CA
vila franca do campo,75,1610981444,88,37.7167,-25.4333,64.0,20.71,PT
hay river,100,1610981318,85,60.8156,-115.7999,6.8,3.44,CA
juneau,90,1610981433,81,58.3019,-134.4197,41.0,14.97,US
vieques,40,1610981664,65,18.425,-65.8329,82.4,10.36,PR
tucuma,85,1610981509,76,-0.1833,-50.05,83.01,6.42,BR
sidi ali,11,1610981665,40,36.0998,0.4206,58.1,2.57,DZ
hami,50,1610981353,76,42.8,93.45,15.94,2.35,CN
privolnaya,100,1610981665,96,46.1371,38.6951,18.64,3.47,RU
la reforma,1,1610981665,87,25.0833,-108.05,53.6,4.38,MX
bondo,99,1610981665,14,3.8146,23.6866,97.43,4.07,CD
wahlstedt,100,1610981665,22,53.95,10.2167,39.0,7,DE
krasnoselkup,100,1610981383,90,65.7,82.4667,-13.38,4.45,RU
voyvozh,0,1610981666,88,62.892,54.9635,-21.59,1.07,RU
alta floresta,98,1610981481,86,-9.8756,-56.0861,79.72,3.85,BR
sinolon,100,1610981666,85,6.2439,124.8144,71.65,2.51,PH
margate,100,1610981666,75,51.3813,1.3862,45.0,1.99,GB
amberley,90,1610981666,69,39.2048,-84.428,30.99,8.05,US
la concordia,75,1610981667,94,13.1953,-86.1667,66.2,18.41,NI
ilhabela,98,1610981667,64,-23.7781,-45.3581,86.38,1.5,BR
nago,1,1610981667,76,26.5881,127.9761,57.2,9.22,JP
iralaya,71,1610981667,82,15,-83.2333,79.57,13.04,HN
bam,8,1610981523,29,29.106,58.357,63.16,4.12,IR
wanaka,79,1610981668,74,-44.7,169.15,45.45,8.46,NZ
husavik,75,1610981416,86,66.0449,-17.3389,33.8,26.46,IS
isangel,93,1610981531,81,-19.55,169.2667,80.11,2.93,VU
yulara,0,1610981531,17,-25.2406,130.9889,78.8,10.36,AU
ancud,75,1610981435,72,-41.8697,-73.8203,73.99,4.61,CL
honiara,97,1610981374,79,-9.4333,159.95,77.99,5.32,SB
torbay,75,1610981341,87,47.6666,-52.7314,41.0,10.36,CA
hasaki,20,1610981408,56,35.7333,140.8333,41.0,9.22,JP
kodiak,90,1610981347,87,57.79,-152.4072,42.8,23.02,US
inhambane,75,1610981669,78,-23.865,35.3833,78.8,17.27,MZ
lorengau,52,1610981353,76,-2.0226,147.2712,82.94,9.22,PG
dandong,0,1610981669,80,40.1292,124.3947,3.72,10.8,CN
bambanglipuro,98,1610981479,82,-7.95,110.2833,79.05,4.92,ID
pitogo,100,1610981684,83,13.7847,122.0881,73.18,9.93,PH
weihai,0,1610981684,87,37.5017,122.1136,23.34,15.97,CN
jacobabad,0,1610981685,27,28.281,68.4388,61.39,5.35,PK
erzin,100,1610981685,75,36.9559,36.2,53.01,7.76,TR
half moon bay,1,1610981685,31,37.4636,-122.4286,62.6,8.05,US
sibut,33,1610981685,10,5.718,19.0739,99.95,5.41,CF
turayf,75,1610981685,66,31.6725,38.6637,51.8,11.5,SA
mahebourg,75,1610981165,83,-20.4081,57.7,80.6,13.8,MU
hof,90,1610981686,93,50.3167,11.9167,34.0,10.36,DE
semirom,0,1610981686,81,31.4167,51.5667,33.13,7.16,IR
la rioja,20,1610981509,58,42.25,-2.5,55.4,9.22,ES
tarifa,20,1610981686,72,36.0139,-5.607,60.8,6.91,ES
mantua,0,1610981686,78,45.1667,10.7833,41.0,5.01,IT
tuatapere,58,1610981410,69,-46.1333,167.6833,52.0,8.99,NZ
sabancuy,72,1610981687,69,18.9667,-91.1833,66.72,8.88,MX
oistins,75,1610981687,78,13.0667,-59.5333,78.8,18.41,BB
gazanjyk,98,1610981687,48,39.2446,55.5154,52.9,1.01,TM
lebedinyy,8,1610981687,74,58.5167,125.5167,-36.58,6.73,RU
hamilton,90,1610981151,69,39.1834,-84.5333,30.99,13.8,US
cockburn town,40,1610981687,69,21.4612,-71.1419,78.8,5.75,TC
puerto escondido,1,1610981504,88,15.85,-97.0667,71.6,5.75,MX
aiani,9,1610981688,46,40.1667,21.8167,28.4,8.05,GR
macusani,100,1610981688,90,-14.0833,-70.4333,38.08,4.38,PE
kirensk,100,1610981688,91,57.7853,108.1119,-3.86,3.96,RU
caravelas,7,1610981347,60,-17.7125,-39.2481,84.45,7.63,BR
nioro,94,1610981534,9,13.35,-15.75,95.92,8.95,GM
berbera,15,1610981689,66,10.4396,45.0143,77.5,4.61,SO
prince rupert,1,1610981689,93,54.3161,-130.3201,44.6,2.3,CA
hai duong,0,1610981689,77,20.9333,106.3167,57.2,4.61,VN
potchefstroom,85,1610981667,30,-26.7167,27.1,86.25,1.63,ZA
pacific grove,1,1610981510,66,36.6177,-121.9166,53.6,5.75,US
hoover,1,1610981689,65,33.4054,-86.8114,41.0,3.44,US
cherskiy,75,1610981499,81,68.75,161.3,-41.03,2.17,RU
iquitos,0,1610981408,78,-3.7481,-73.2472,82.4,4.61,PE
petukhovo,0,1610981690,89,55.0692,67.9019,-8.36,7.85,RU
chanute,90,1610981477,69,37.6792,-95.4572,33.8,6.91,US
puerto montt,75,1610981688,72,-41.4698,-72.9447,64.4,6.91,CL
sao raimundo nonato,0,1610981533,38,-9.0153,-42.6994,89.64,9.04,BR
sept-iles,74,1610981313,74,50.2001,-66.3821,30.2,13.8,CA
kirovskiy,100,1610981690,89,45.0917,133.5136,-8.86,9.22,RU
three hills,63,1610981691,75,51.7001,-113.2686,33.8,13.8,CA
nortelandia,99,1610981691,82,-14.4547,-56.8028,77.9,5.46,BR
machilipatnam,0,1610981691,83,16.1667,81.1333,77.0,4.61,IN
cabo san lucas,1,1610981323,50,22.8909,-109.9124,61.0,5.75,MX
porto novo,20,1610981510,70,6.4965,2.6036,87.8,12.66,BJ
rio gallegos,100,1610981691,51,-51.6226,-69.2181,57.11,23.31,AR
coos bay,1,1610981691,100,43.3665,-124.2179,39.2,6.91,US
iskateley,43,1610981381,88,67.6803,53.1512,-17.0,7.7,RU
naze,0,1610981530,67,28.3667,129.4833,51.67,14.65,JP
canaries,20,1610981692,68,28,-15.5,70.0,6.91,ES
port-gentil,40,1610981692,70,-0.7193,8.7815,87.8,17.27,GA
tabuk,100,1610981692,87,17.4189,121.4443,68.56,7.58,PH
ponta delgada,75,1610981507,88,37.7333,-25.6667,64.0,20.71,PT
jacareacanga,40,1610981692,79,-6.2222,-57.7528,84.2,2.3,BR
mastic beach,1,1610981692,60,40.7668,-72.8521,43.0,8.05,US
kurchum,23,1610981693,81,48.5722,83.6542,1.72,0.54,KZ
karpathos,40,1610981693,87,35.507,27.2132,48.2,14.97,GR
srandakan,98,1610981693,81,-7.9386,110.2506,79.21,5.1,ID
saint-philippe,0,1610981347,70,-21.3585,55.7679,84.2,6.91,RE
bay roberts,75,1610981693,87,47.5999,-53.2648,42.01,10.36,CA
bathsheba,75,1610981399,78,13.2167,-59.5167,78.8,18.41,BB
kenai,75,1610981693,75,60.5544,-151.2583,37.99,16.11,US
gillette,75,1610981694,80,44.2911,-105.5022,30.2,18.41,US
totness,45,1610981694,65,5.8833,-56.3167,83.89,11.3,SR
nouakchott,100,1610981694,9,18.0858,-15.9785,78.8,20.71,MR
luau,55,1610981694,79,-10.7073,22.2247,77.38,5.19,AO
champerico,0,1610981694,78,14.3,-91.9167,75.2,2.73,GT
avera,1,1610981478,53,33.194,-82.5271,44.6,10.36,US
krivosheino,95,1610981694,94,57.3431,83.9261,7.23,10.94,RU
samarai,99,1610981406,76,-10.6167,150.6667,85.08,14.99,PG
sal rei,100,1610981695,50,16.1833,-22.9167,77.0,17.27,CV
banda aceh,94,1610981501,79,5.5577,95.3222,78.44,10.98,ID
constitucion,0,1610981452,44,-35.3333,-72.4167,72.34,5.55,CL
flin flon,90,1610981417,84,54.7682,-101.865,-13.0,6.91,CA
panaba,24,1610981695,65,21.2833,-88.2667,70.54,9.15,MX
mahajanga,20,1610981447,74,-15.7167,46.3167,86.0,13.8,MG
poum,54,1610981695,79,-20.2333,164.0167,82.22,9.22,NC
talnakh,100,1610981375,90,69.4865,88.3972,-7.01,1.52,RU
tynda,5,1610981695,75,55.1667,124.7167,-42.59,1.95,RU
dossor,100,1610981696,98,47.5272,52.9811,29.79,14.52,KZ
omsukchan,100,1610981696,80,62.5333,155.8,-36.35,6.69,RU
grants,1,1610981696,48,35.1473,-107.8514,15.8,9.22,US
guarapari,40,1610981475,62,-20.6667,-40.4975,87.01,10.36,BR
zelenets,20,1610981696,84,61.8849,50.7489,-13.0,2.89,RU
leshukonskoye,100,1610981697,92,64.8989,45.7622,-1.44,8.77,RU
paamiut,100,1610981438,84,61.994,-49.6678,27.99,5.26,GL
waipawa,75,1610981447,82,-41.4122,175.5153,63.0,17.27,NZ
surt,0,1610981697,44,31.2089,16.5887,62.24,18.37,LY
vao,91,1610981403,85,-22.6667,167.4833,77.54,12.59,NC
antofagasta,0,1610981697,68,-23.65,-70.4,75.0,8.05,CL
victoria,29,1610981232,62,22.2855,114.1577,59.0,1.01,HK
lavrentiya,100,1610981442,88,65.5833,-171,-12.3,9.6,RU
mayumba,55,1610981697,75,-3.432,10.6554,81.86,11.45,GA
oranjemund,4,1610981698,70,-28.55,16.4333,70.9,13.56,NA
paka,100,1610981698,78,4.6374,103.4368,77.0,3.44,MY
saint anthony,90,1610981698,73,45.0205,-93.218,21.2,6.91,US
kavaratti,0,1610981498,71,10.5669,72.642,82.44,4.38,IN
chitrakonda,2,1610981698,72,18.1167,82.0833,65.14,3.78,IN
kajaani,90,1610981698,93,64.2273,27.7285,24.8,6.91,FI
high rock,90,1610981698,72,26.6208,-78.2833,66.2,6.91,BS
troitsko-pechorsk,0,1610981714,86,62.7084,56.1964,-24.07,1.01,RU
conceicao do araguaia,99,1610981531,59,-8.2578,-49.2647,89.19,0.34,BR
mehamn,75,1610981715,75,71.0357,27.8492,33.8,18.41,NO
bloomfield,1,1610981715,65,40.8068,-74.1854,41.0,6.91,US
port blair,28,1610981412,73,11.6667,92.75,80.1,14.45,IN
tres arroyos,0,1610981716,33,-38.3739,-60.2798,81.84,12.84,AR
matara,93,1610981716,88,5.9485,80.5353,76.93,8.46,LK
rocky mountain house,10,1610981716,51,52.3668,-114.9188,35.6,12.66,CA
farafangana,80,1610981716,82,-22.8167,47.8333,82.99,12.8,MG
ahipara,20,1610981384,84,-35.1667,173.1667,63.52,11.54,NZ
vestmannaeyjar,0,1610981719,75,63.4427,-20.2734,37.4,21.85,IS
dwarka,0,1610981719,52,22.2394,68.9678,70.34,10.45,IN
kanigoro,100,1610981720,86,-8.13,112.219,75.54,3.62,ID
boyolangu,100,1610981477,84,-8.1181,111.8935,77.05,3.89,ID
mokolo,0,1610981720,15,10.7398,13.8019,91.4,9.22,CM
talas,75,1610981561,74,38.6908,35.5538,26.6,8.05,TR
padang,40,1610981673,78,-0.9492,100.3543,78.8,1.14,ID
damietta,0,1610981720,59,31.4165,31.8133,64.4,11.5,EG
pangai,100,1610981720,77,-19.8,-174.35,81.18,8.61,TO
codajas,87,1610981721,85,-3.8367,-62.0569,83.25,3.02,BR
port moresby,75,1610981721,94,-9.4431,147.1797,78.8,4.61,PG
hue,75,1610981552,88,16.4667,107.6,59.0,6.91,VN
nizhniy kuranakh,13,1610981376,73,58.8353,125.4869,-41.49,1.23,RU
srednekolymsk,75,1610981442,81,67.45,153.6833,-42.25,2.35,RU
churapcha,54,1610981721,62,62.0025,132.4325,-55.88,2.3,RU
dunedin,38,1610981381,84,-45.8742,170.5036,51.01,1.01,NZ
kahului,90,1610981721,88,20.8947,-156.47,71.6,17.27,US
lac du bonnet,28,1610981722,89,50.2536,-96.0612,-14.24,5.21,CA
pangnirtung,75,1610981344,77,66.1451,-65.7125,-5.8,3.76,CA
thaba-tseka,0,1610981722,28,-29.522,28.6084,73.78,11.63,LS
nurota,74,1610981722,46,40.5614,65.6886,50.0,6.91,UZ
mindelo,2,1610981722,57,16.8901,-24.9804,75.2,24.16,CV
morant bay,20,1610981722,69,17.8815,-76.4093,79.0,4.61,JM
berwick,100,1610981723,90,41.0545,-76.2333,35.01,8.77,US
anloga,20,1610981723,62,5.7947,0.8973,89.6,11.5,GH
noumea,90,1610981723,94,-22.2763,166.4572,81.0,6.85,NC
ugoofaaru,27,1610981511,64,5.6667,73,82.9,17.63,MV
teguise,20,1610981723,72,29.0605,-13.564,66.2,9.22,ES
makakilo city,75,1610981439,78,21.3469,-158.0858,71.6,9.22,US
kentau,100,1610981602,58,43.5206,68.5094,42.93,5.3,KZ
highland springs,40,1610981681,65,37.546,-77.3278,42.01,5.75,US
prince george,1,1610981613,86,53.9166,-122.753,25.0,5.75,CA
bako,67,1610981724,46,5.7833,36.5667,77.29,2.66,ET
roding,100,1610981724,90,49.1964,12.5186,35.01,5.01,DE
goderich,100,1610981352,80,43.7501,-81.7165,33.8,5.75,CA
ler,92,1610981724,12,8.3018,30.1418,99.3,8.16,SS
aksarka,100,1610981724,87,66.5606,67.7975,-17.18,9.06,RU
gorontalo,100,1610981725,87,0.5412,123.0595,76.55,3.04,ID
aquiraz,40,1610981725,62,-3.9014,-38.3911,87.8,17.27,BR
pakxan,0,1610981725,58,18.3778,103.6601,57.94,2.8,LA
jiamusi,6,1610981725,82,46.8333,130.35,-17.9,8.37,CN
etchoropo,0,1610981725,41,26.7667,-109.6667,60.24,2.91,MX
quatre cocos,75,1610981402,83,-20.2078,57.7625,80.6,13.8,MU
broome,90,1610981396,93,42.2506,-75.833,34.0,9.22,US
afrikanda,100,1610981725,93,67.4429,32.7828,17.01,12.24,RU
nandi,0,1610981726,64,13.3855,77.6984,69.8,6.91,IN
narsaq,75,1610981400,58,60.9167,-46.05,19.4,3.69,GL
macapa,75,1610981726,66,0.0389,-51.0664,89.6,5.75,BR
huangmei,0,1610981726,59,30.1924,116.025,44.01,1.45,CN
kamenka,100,1610981726,88,51.3223,42.7678,6.01,4.54,RU
san cristobal,40,1610981439,83,7.7669,-72.225,77.0,4.61,VE
fernley,40,1610981727,75,39.608,-119.2518,35.6,3.44,US
dingle,100,1610981473,94,10.9995,122.6711,73.83,8.95,PH
phalaborwa,100,1610981652,61,-23.943,31.1411,82.4,11.5,ZA
severo-kurilsk,92,1610981353,93,50.6789,156.125,19.24,38.25,RU
haifa,40,1610981465,67,32.8156,34.9892,59.0,6.91,IL
puksoozero,100,1610981727,96,62.5903,40.6066,8.56,7.02,RU
bridlington,92,1610981727,82,54.0831,-0.1919,43.0,8.99,GB
havre,90,1610981728,76,49.5833,0.3333,44.6,11.5,FR
macomb,40,1610981727,86,40.4592,-90.6718,30.99,9.22,US
jalu,0,1610981450,37,29.0331,21.5482,62.74,14.72,LY
arkansas city,75,1610981466,60,37.062,-97.0384,39.2,5.75,US
taguatinga,98,1610981728,46,-12.3857,-46.5711,87.21,5.75,BR
manavalakurichi,20,1610981728,69,8.1333,77.3,82.4,10.76,IN
fukue,25,1610981728,69,32.6881,128.8419,46.04,27.13,JP
madimba,100,1610981477,77,-10.4,40.3333,82.49,10.07,TZ
roma,90,1610981471,86,43.2128,-75.4557,30.0,9.22,US
bang mun nak,0,1610981729,40,16.0278,100.3792,75.99,7.36,TH
banikoara,60,1610981729,9,11.2985,2.4386,94.95,6.98,BJ
beyneu,24,1610981729,69,45.3167,55.2,40.62,11.72,KZ
tchaourou,16,1610981730,11,8.8865,2.5975,101.61,2.08,BJ
gari,0,1610981730,90,59.4307,62.3497,-4.83,6.96,RU
pilar,40,1610981730,58,-9.5972,-35.9567,86.0,13.8,BR
morehead,90,1610981730,75,37.2711,-87.1764,37.0,10.76,US
iranshahr,0,1610981730,27,27.2025,60.6848,73.4,6.91,IR
cap-aux-meules,96,1610981731,69,47.3821,-61.8597,33.8,21.85,CA
honningsvag,100,1610981615,88,70.9821,25.9704,33.89,18.95,NO
guymon,1,1610981731,69,36.6828,-101.4816,35.6,17.27,US
severodvinsk,90,1610981662,92,64.5635,39.8302,15.8,2.24,RU
vidisha,40,1610981667,73,23.5333,77.8167,71.6,5.75,IN
okhotsk,100,1610981731,89,59.3833,143.3,-12.1,20.13,RU
palmas bellas,30,1610981731,81,9.2319,-80.0867,79.0,11.01,PA
bubaque,4,1610981732,44,11.2833,-15.8333,79.27,7.74,GW
lakatoro,66,1610981732,78,-16.0999,167.4164,81.61,7.56,VU
saposoa,75,1610981732,78,-6.934,-76.7716,82.4,3.44,PE
rocha,0,1610981486,47,-34.4833,-54.3333,75.74,11.27,UY
severnyy,90,1610981732,85,50.677,36.5532,8.6,4.47,RU
tahta,0,1610981733,42,26.7693,31.5021,68.0,4.61,EG
eureka,1,1610981447,54,40.8021,-124.1637,53.6,9.22,US
laguna,1,1610981533,54,38.421,-121.4238,55.99,11.5,US
najran,0,1610981748,19,17.4924,44.1277,80.6,6.91,SA
udachnyy,56,1610981749,75,66.4167,112.4,-48.64,3.53,RU
zapolyarnyy,20,1610981749,93,69.4154,30.8136,24.8,17.27,RU
salinopolis,99,1610981534,71,-0.6136,-47.3561,84.42,11.72,BR
marsa matruh,0,1610981508,32,31.3525,27.2453,66.2,21.85,EG
tilichiki,100,1610981469,86,60.4667,166.1,-17.54,17.45,RU
arkhangelskaya,100,1610981749,97,45.6796,40.2754,19.71,4.65,RU
vlissingen,100,1610981750,87,51.4425,3.5736,43.0,19.57,NL
kulhudhuffushi,1,1610981442,78,6.6221,73.07,81.68,12.68,MV
beberibe,40,1610981748,62,-4.1797,-38.1306,87.8,17.27,BR
nabire,100,1610981354,82,-3.3667,135.4833,76.95,2.48,ID
olinda,75,1610981505,83,-8.0089,-34.8553,75.2,5.75,BR
yevlax,90,1610981750,66,40.6089,47.1492,48.2,9.22,AZ
hualmay,100,1610981750,72,-11.0964,-77.6139,73.81,8.01,PE
khani,90,1610981528,93,41.9563,42.9566,41.0,9.22,GE
borova,75,1610981751,72,50.1763,30.1043,10.0,8.95,UA
xining,0,1610981751,59,36.6167,101.7667,21.45,3.62,CN
nosy varika,36,1610981751,80,-20.5833,48.5333,82.69,12.06,MG
tiarei,20,1610981533,83,-17.5333,-149.3333,75.2,2.3,PF
maumere,100,1610981751,81,-8.6199,122.2111,78.78,2.42,ID
aviles,0,1610981751,87,43.5547,-5.9248,60.01,3.44,ES
oskemen,40,1610981752,67,49.9565,82.6119,10.4,4.47,KZ
lufilufi,34,1610981680,76,-13.8745,-171.5986,82.42,13.58,WS
waitati,39,1610981752,80,-45.75,170.5667,51.01,1.99,NZ
coahuayana,40,1610981752,68,18.7333,-103.6833,69.8,1.9,MX
naron,0,1610981752,64,43.5167,-8.1528,57.99,5.01,ES
vila,0,1610981752,56,42.0304,-8.1588,59.0,7,PT
tura,3,1610981120,67,25.5198,90.2201,60.85,2.04,IN
pochutla,20,1610981380,73,15.7432,-96.4661,77.0,2.59,MX
aberdeen,19,1610981647,75,57.1437,-2.0981,41.0,13.8,GB
tabou,41,1610981501,70,4.423,-7.3528,83.05,3.42,CI
yerbogachen,100,1610981753,82,61.2767,108.0108,-27.17,6.89,RU
grindavik,75,1610981753,93,63.8424,-22.4338,33.8,21.85,IS
broken hill,0,1610981753,30,-31.95,141.4333,71.6,14.97,AU
dubovskoye,100,1610981753,97,47.4092,42.7575,16.27,3.2,RU
sidney,0,1610981649,83,-33.8679,151.2073,71.6,10.36,AU
balotra,0,1610981753,32,25.8333,72.2333,70.14,11.41,IN
snezhnogorsk,75,1610981754,93,69.1933,33.2531,23.0,8.95,RU
pimentel,0,1610981754,73,-6.8367,-79.9342,71.6,5.75,PE
hambantota,40,1610981754,100,6.1241,81.1185,77.0,8.05,LK
wanning,0,1610981754,72,18.8003,110.3967,58.21,8.5,CN
roswell,1,1610981754,60,34.0232,-84.3616,41.0,6.91,US
raudeberg,100,1610981755,78,61.9875,5.1352,39.0,17.38,NO
shakawe,96,1610981755,73,-18.3667,21.85,76.03,5.46,BW
tolaga bay,4,1610981755,64,-38.3667,178.3,62.8,13.76,NZ
havoysund,75,1610981755,80,70.9963,24.6622,32.0,10.36,NO
bac lieu,100,1610981470,77,9.285,105.7244,74.43,11.34,VN
marzuq,0,1610981756,20,14.4,46.4667,72.01,9.37,YE
jumla,56,1610981414,75,29.2747,82.1838,38.12,3.27,NP
amos,20,1610981547,85,48.5669,-78.1162,1.99,9.22,CA
mirnyy,100,1610981619,82,62.5353,113.9611,-35.88,4.21,RU
lom sak,0,1610981554,52,16.7798,101.2422,63.72,3.98,TH
hauge,89,1610981756,94,58.3436,6.2812,39.0,3.38,NO
nuuk,75,1610981414,64,64.1835,-51.7216,28.4,4.61,GL
mao,20,1610981476,62,39.8885,4.2658,53.6,9.22,ES
bull savanna,93,1610981757,67,17.8868,-77.5902,77.9,4.83,JM
thinadhoo,0,1610981757,61,0.5333,72.9333,81.66,0.87,MV
kedrovyy,40,1610981757,58,56.1667,91.8167,21.2,17.9,RU
sakaiminato,75,1610981710,75,35.55,133.2333,37.4,20.71,JP
tungor,41,1610981757,84,53.3808,142.9564,-24.47,10.6,RU
wad madani,0,1610981757,16,14.4012,33.5199,90.23,14.88,SD
sirsa,0,1610981757,47,29.5333,75.0167,57.78,5.46,IN
meulaboh,100,1610981449,76,4.1363,96.1285,79.66,1.99,ID
komsomolskiy,58,1610981511,60,40.4272,71.7189,41.0,4.61,UZ
wuzhou,0,1610981758,47,23.4833,111.3167,49.73,2.51,CN
traverse city,90,1610981716,93,44.7631,-85.6206,32.0,3.27,US
